ucr113,ucod,count
1,A021,219
1,A020,128
1,A029,50
1,A022,23
1,A010,2
1,A014,1
2,A039,34
2,A069,9
2,A064,7
2,A066,4
2,A060,3
2,A030,3
2,A033,2
2,A068,2
2,A038,1
2,A065,1
2,A062,1
3,A047,78048
3,A099,13991
3,A090,4411
3,A084,1285
3,A048,843
3,A09,542
3,A049,223
3,A081,128
3,A080,33
3,A044,32
3,A045,30
3,A083,24
3,A072,23
3,A073,14
3,A085,9
3,A071,6
3,A046,4
3,A043,2
3,A082,2
3,A041,1
5,A162,2705
5,A169,1810
5,A165,42
5,A164,11
5,A167,9
5,A168,1
6,A180,853
6,A199,476
6,A170,105
6,A183,43
6,A178,40
6,A188,33
6,A181,16
6,A187,6
6,A198,5
6,A182,4
6,A192,3
6,A179,3
6,A190,3
6,A191,1
7,A379,133
7,A370,35
8,A46,19
8,A38,11
9,A394,452
9,A390,227
9,A391,185
9,A399,19
9,A398,13
9,A392,12
10,A419,368875
10,A415,10925
10,A410,8279
10,A412,4119
10,A403,1555
10,A409,1483
10,A414,1305
10,A402,1219
10,A418,834
10,A401,309
10,A400,292
10,A408,187
10,A411,175
10,A413,110
11,A523,217
11,A521,73
11,A529,35
11,A539,33
11,A520,31
11,A509,19
11,A530,11
11,A527,9
11,A505,6
11,A515,2
11,A504,2
11,A513,1
11,A528,1
11,A514,1
11,A502,1
13,A832,19
13,A833,11
13,A839,5
13,A830,4
13,A835,4
13,A848,2
13,A838,1
13,A849,1
14,B050,4
14,B059,2
14,B052,1
15,B182,74332
15,B169,5075
15,B181,1439
15,B199,729
15,B179,499
15,B159,318
15,B162,241
15,B189,125
15,B171,100
15,B190,30
15,B178,18
15,B188,16
15,B172,10
15,B150,9
15,B180,1
16,B24,24788
16,B238,16598
16,B207,10070
16,B227,8232
16,B201,8053
16,B208,7768
16,B203,5415
16,B212,2949
16,B206,2583
16,B218,2558
16,B232,1983
16,B205,1690
16,B220,1592
16,B222,1529
16,B200,766
16,B210,688
16,B219,565
16,B213,534
16,B211,353
16,B217,315
16,B202,208
16,B209,177
16,B204,94
16,B231,5
17,B54,51
17,B509,17
17,B500,17
17,B508,1
17,B519,1
18,B948,7488
18,A499,5989
18,A490,4906
18,A810,3779
18,B49,3723
18,B99,3226
18,B91,2811
18,A310,2677
18,B942,2467
18,B349,2251
18,B377,1619
18,A498,1545
18,A491,1496
18,B59,1458
18,B004,1288
18,A481,1211
18,A86,1184
18,B348,1128
18,B029,1117
18,A923,1112
18,B441,1105
18,B451,697
18,B449,540
18,A319,509
18,B009,500
18,B259,496
18,B250,493
18,B909,465
18,B332,449
18,A812,431
18,A879,386
18,B378,323
18,B382,296
18,A430,295
18,B399,284
18,A483,281
18,B340,238
18,B258,236
18,B027,219
18,B022,216
18,B387,211
18,B371,209
18,A280,208
18,B020,204
18,B389,202
18,A321,196
18,B270,190
18,B379,186
18,B457,177
18,B374,169
18,B008,164
18,B007,160
18,A439,141
18,B465,140
18,B409,132
18,B341,125
18,A480,121
18,A327,120
18,A89,106
18,B941,105
18,B402,105
18,A488,103
18,B392,103
18,A692,101
18,A819,99
18,B459,94
18,B450,89
18,B440,88
18,B690,87
18,B384,84
18,A492,75
18,A778,72
18,B380,72
18,B019,71
18,B447,64
18,B600,64
18,A770,62
18,B376,61
18,A318,60
18,A872,59
18,B949,58
18,B333,58
18,B023,54
18,B789,54
18,B787,53
18,B407,50
18,A329,49
18,B448,48
18,B334,48
18,B589,47
18,A288,47
18,A420,45
18,A438,44
18,B588,43
18,B370,41
18,B012,40
18,B279,40
18,A35,39
18,B011,39
18,B003,37
18,B572,37
18,B338,36
18,A985,35
18,B460,32
18,A493,30
18,A051,29
18,B461,29
18,B582,28
18,B343,27
18,B479,25
18,A858,24
18,B342,24
18,B86,23
18,A548,21
18,B021,21
18,A829,20
18,A811,19
18,B89,19
18,A630,18
18,A64,18
18,B251,17
18,A78,17
18,A90,16
18,B375,15
18,A429,14
18,A870,13
18,B602,13
18,A309,12
18,A279,12
18,B699,12
18,A427,11
18,B028,11
18,B464,11
18,B381,11
18,A328,10
18,A799,10
18,B002,9
18,B679,9
18,B488,9
18,B269,8
18,A059,8
18,B814,7
18,B659,7
18,B879,7
18,A239,7
18,B780,6
18,B583,6
18,B469,6
18,B388,6
18,B010,6
18,A549,5
18,B462,5
18,A850,5
18,A217,5
18,A207,5
18,A053,5
18,B372,5
18,B344,5
18,B902,5
18,A94,5
18,A428,4
18,B829,4
18,A281,4
18,B832,4
18,A91,4
18,B811,4
18,B468,4
18,A009,4
18,B369,4
18,B431,4
18,B393,4
18,A749,4
18,B001,4
18,B487,3
18,B302,3
18,A938,3
18,B482,3
18,A421,3
18,B271,3
18,B429,3
18,A212,3
18,B427,3
18,B403,3
18,A219,3
18,B408,3
18,B812,3
18,B650,3
18,A251,3
18,B698,2
18,A600,2
18,A888,2
18,B068,2
18,B669,2
18,B252,2
18,B608,2
18,A752,2
18,B069,2
18,A482,2
18,B64,2
18,B75,2
18,B889,2
18,A851,2
18,A601,2
18,B833,2
18,B573,2
18,B391,2
18,B458,2
18,B452,2
18,B601,2
18,B400,2
18,B850,2
18,A282,2
18,A202,2
18,B360,2
18,B900,2
18,B353,2
18,A230,2
18,A984,2
18,B769,2
18,B000,2
18,A431,2
18,B908,2
18,A599,1
18,A791,1
18,B940,1
18,A878,1
18,A962,1
18,B92,1
18,A691,1
18,B483,1
18,B677,1
18,B09,1
18,B888,1
18,B351,1
18,B839,1
18,A55,1
18,B878,1
18,A542,1
18,B07,1
18,B559,1
18,B481,1
18,B550,1
18,A449,1
18,A924,1
18,B083,1
18,B570,1
18,A773,1
18,B851,1
18,B018,1
18,B701,1
18,B453,1
18,A422,1
18,B574,1
18,B681,1
18,B463,1
18,B350,1
18,A267,1
18,A242,1
18,B401,1
18,B394,1
18,B278,1
18,A209,1
18,B383,1
18,B373,1
18,B420,1
18,A690,1
18,A241,1
18,A369,1
18,B439,1
18,B428,1
18,B356,1
18,B354,1
18,B308,1
18,B005,1
18,A70,1
18,B830,1
18,A818,1
18,A99,1
18,A540,1
18,B664,1
18,A920,1
18,A759,1
18,B678,1
18,B085,1
18,A270,1
20,C029,21565
20,C140,17501
20,C069,10397
20,C109,9050
20,C099,8490
20,C119,7136
20,C07,6458
20,C139,2494
20,C089,2160
20,C01,1768
20,C049,1049
20,C12,990
20,C059,771
20,C009,647
20,C051,556
20,C080,389
20,C060,387
20,C050,371
20,C039,320
20,C030,211
20,C062,195
20,C090,180
20,C111,121
20,C052,80
20,C001,79
20,C031,66
20,C024,41
20,C100,38
20,C091,32
20,C131,14
20,C000,12
20,C130,11
20,C058,10
20,C113,10
20,C023,8
20,C020,8
20,C061,7
20,C104,7
20,C132,6
20,C068,5
20,C021,5
20,C022,4
20,C040,4
20,C081,4
20,C103,3
20,C148,3
20,C108,3
20,C112,3
20,C028,2
20,C005,2
20,C138,1
20,C142,1
20,C101,1
20,C004,1
21,C159,155951
21,C155,799
21,C150,101
21,C153,58
21,C151,36
21,C154,30
21,C158,5
21,C152,4
22,C169,115516
22,C160,8836
22,C163,105
22,C164,61
22,C161,19
22,C162,19
22,C165,6
22,C168,4
22,C166,3
23,C189,451882
23,C20,72600
23,C19,31345
23,C210,7351
23,C181,5902
23,C187,3741
23,C180,3403
23,C182,2541
23,C218,899
23,C211,508
23,C184,495
23,C186,494
23,C183,77
23,C185,65
23,C212,38
23,C188,6
24,C220,91986
24,C229,82202
24,C221,52365
24,C222,291
24,C223,251
24,C224,27
24,C227,8
25,C259,403164
25,C250,1027
25,C254,729
25,C253,442
25,C252,192
25,C251,110
25,C258,54
25,C257,10
26,C329,36914
26,C321,2634
26,C320,1261
26,C322,176
26,C323,43
27,C349,1723585
27,C341,5749
27,C343,2441
27,C33,802
27,C340,417
27,C342,390
27,C348,63
28,C439,90336
28,C435,2214
28,C434,1584
28,C437,1510
28,C436,1366
28,C433,953
28,C432,280
28,C430,42
28,C431,26
28,C438,4
29,C509,455537
29,C500,78
29,C504,5
29,C506,5
29,C501,4
29,C508,4
29,C505,3
29,C502,3
29,C503,2
30,C539,44111
30,C530,414
30,C531,7
30,C538,3
31,C55,52064
31,C541,39736
31,C549,721
31,C540,12
31,C543,9
31,C542,8
31,C548,2
32,C56,158964
33,C61,311877
34,C64,144294
34,C65,1899
35,C679,161336
35,C677,251
35,C675,58
35,C670,26
35,C676,12
35,C672,10
35,C671,7
35,C674,6
35,C678,5
35,C673,3
36,C719,147226
36,C717,2373
36,C716,1759
36,C710,1747
36,C709,1127
36,C711,1083
36,C712,1025
36,C729,606
36,C713,547
36,C720,505
36,C718,270
36,C700,254
36,C714,152
36,C715,136
36,C723,40
36,C725,33
36,C701,14
36,C721,7
36,C724,3
36,C722,2
36,C728,2
38,C819,12904
38,C811,153
38,C817,39
38,C812,27
38,C810,11
38,C813,8
39,C859,150224
39,C851,22848
39,C833,18891
39,C845,9681
39,C831,8782
39,C829,4247
39,C837,2718
39,C830,2297
39,C844,1405
39,C840,901
39,C835,723
39,C838,660
39,C850,449
39,C839,347
39,C841,141
39,C832,114
39,C822,80
39,C834,78
39,C857,55
39,C820,43
39,C827,29
39,C836,27
39,C821,20
39,C842,5
39,C843,4
40,C920,98086
40,C911,49326
40,C959,32566
40,C950,21303
40,C910,15918
40,C921,11478
40,C927,4736
40,C929,2782
40,C919,2331
40,C951,1935
40,C925,1650
40,C924,1632
40,C914,1211
40,C915,1106
40,C930,1057
40,C913,527
40,C947,344
40,C923,313
40,C917,268
40,C940,160
40,C931,142
40,C939,131
40,C942,87
40,C957,57
40,C945,52
40,C943,37
40,C944,10
40,C941,9
40,C922,8
40,C912,5
40,C952,3
40,C937,1
41,C900,123154
41,C880,3402
41,C901,1231
41,C902,1063
41,C889,8
41,C882,7
41,C883,4
41,C881,2
42,C969,598
42,C967,84
42,C961,77
42,C962,52
42,C960,4
43,C80,286570
43,C97,49119
43,C798,36882
43,C499,35730
43,C787,22981
43,C23,22840
43,C459,22234
43,C73,18632
43,C449,15423
43,C444,12789
43,C269,11417
43,C419,11357
43,C519,10468
43,C249,7873
43,C793,7812
43,C482,7639
43,C762,7507
43,C170,7349
43,C240,6773
43,C760,6001
43,C786,5506
43,C179,5237
43,C749,5134
43,C795,4757
43,C52,4558
43,C629,4122
43,C66,4095
43,C494,3698
43,C260,3436
43,C780,3018
43,C609,2801
43,C457,2774
43,C443,2647
43,C492,2618
43,C570,2596
43,C37,2588
43,C763,2452
43,C579,2428
43,C689,2357
43,C319,2356
43,C480,2349
43,C680,2197
43,C699,1926
43,C310,1808
43,C450,1778
43,C241,1707
43,C782,1694
43,C767,1447
43,C495,1231
43,C451,1210
43,C442,1202
43,C411,1169
43,C383,1134
43,C490,1051
43,C412,964
43,C761,933
43,C740,932
43,C493,908
43,C479,876
43,C384,760
43,C380,757
43,C402,652
43,C414,622
43,C445,611
43,C300,609
43,C491,585
43,C410,575
43,C788,550
43,C447,522
43,C399,499
43,C469,476
43,C172,463
43,C696,461
43,C446,449
43,C171,446
43,C481,437
43,C785,422
43,C741,373
43,C759,368
43,C639,361
43,C751,334
43,C779,303
43,C765,303
43,C693,283
43,C311,246
43,C753,236
43,C755,229
43,C261,203
43,C750,189
43,C400,176
43,C58,171
43,C692,157
43,C791,151
43,C510,137
43,C695,135
43,C794,134
43,C632,133
43,C496,130
43,C781,123
43,C764,123
43,C313,121
43,C413,115
43,C577,108
43,C441,98
43,C694,97
43,C792,90
43,C796,80
43,C770,78
43,C790,69
43,C574,68
43,C301,66
43,C440,44
43,C467,42
43,C578,33
43,C772,33
43,C452,32
43,C768,32
43,C248,31
43,C312,31
43,C268,30
43,C631,29
43,C797,28
43,C390,26
43,C601,25
43,C475,23
43,C754,22
43,C771,21
43,C472,20
43,C473,17
43,C471,17
43,C752,16
43,C784,16
43,C783,16
43,C403,16
43,C773,15
43,C690,15
43,C637,15
43,C630,12
43,C512,12
43,C774,11
43,C573,10
43,C409,9
43,C381,9
43,C460,8
43,C470,8
43,C498,8
43,C401,8
43,C173,8
43,C600,7
43,C474,7
43,C602,6
43,C691,6
43,C775,5
43,C698,3
43,C418,3
43,C178,3
43,C463,2
43,C476,2
43,C462,2
43,C688,2
43,C621,2
43,C398,2
43,C511,2
43,C620,1
43,C478,1
43,C758,1
43,C488,1
43,C571,1
43,C468,1
43,C448,1
43,C778,1
43,C388,1
43,C382,1
43,C681,1
43,C608,1
43,C572,1
44,D469,65136
44,D432,25626
44,D471,13757
44,D381,6711
44,D329,6335
44,D489,3734
44,D481,3141
44,D377,2985
44,D45,2907
44,D487,2679
44,D320,2292
44,D376,2154
44,D430,1392
44,D414,1373
44,D374,1292
44,D464,1210
44,D479,953
44,D410,911
44,D371,887
44,D472,883
44,D431,838
44,D352,817
44,D370,728
44,D443,706
44,D391,642
44,D332,595
44,D486,593
44,D180,543
44,D444,525
44,D480,511
44,D151,484
44,D379,419
44,D390,379
44,D150,372
44,D350,369
44,D375,342
44,D372,337
44,D473,333
44,D181,327
44,D434,309
44,D400,302
44,D383,300
44,D259,294
44,D333,277
44,D126,275
44,D369,256
44,D439,248
44,D380,246
44,D361,237
44,D137,230
44,D134,196
44,D219,193
44,D441,152
44,D429,143
44,D462,139
44,D484,138
44,D483,129
44,D239,129
44,D27,120
44,D449,106
44,D447,104
44,D482,103
44,D445,103
44,D136,97
44,D022,96
44,D385,94
44,D386,93
44,D440,93
44,D485,88
44,D351,83
44,D397,82
44,D330,77
44,D143,69
44,D382,65
44,D177,64
44,D367,62
44,D412,59
44,D420,57
44,D467,57
44,D179,53
44,D010,52
44,D131,51
44,D169,49
44,D399,48
44,D321,48
44,D132,45
44,D477,43
44,D373,43
44,D090,41
44,D059,38
44,D165,35
44,D331,34
44,D300,33
44,D099,32
44,D015,31
44,D448,31
44,D141,30
44,D135,30
44,D446,28
44,D461,25
44,D075,24
44,D334,24
44,D401,24
44,D413,21
44,D339,21
44,D34,20
44,D384,19
44,D140,19
44,D419,18
44,D269,18
44,D128,17
44,D164,17
44,D166,16
44,D392,16
44,D120,16
44,D002,15
44,D214,15
44,D001,15
44,D130,15
44,D051,14
44,D407,14
44,D144,14
44,D121,14
44,D237,13
44,D303,12
44,D110,12
44,D433,12
44,D411,12
44,D409,12
44,D142,11
44,D463,11
44,D139,11
44,D442,11
44,D201,11
44,D069,10
44,D235,10
44,D291,10
44,D038,9
44,D017,9
44,D000,9
44,D229,8
44,D470,8
44,D354,8
44,D071,8
44,D049,8
44,D157,8
44,D314,7
44,D119,7
44,D020,7
44,D122,7
44,D073,7
44,D125,7
44,D421,6
44,D210,6
44,D234,6
44,D109,5
44,D101,5
44,D103,5
44,D190,5
44,D292,4
44,D175,4
44,D316,4
44,D127,4
44,D282,4
44,D092,4
44,D236,4
44,D091,4
44,D174,4
44,D024,4
44,D097,3
44,D212,3
44,D133,3
44,D043,3
44,D106,3
44,D036,3
44,D437,3
44,D199,3
44,D093,3
44,D012,3
44,D24,3
44,D152,3
44,D309,2
44,D359,2
44,D129,2
44,D013,2
44,D039,2
44,D313,2
44,D037,2
44,D045,2
44,D044,2
44,D260,2
44,D042,2
44,D319,2
44,D287,2
44,D072,2
44,D251,2
44,D074,1
44,D213,1
44,D225,1
44,D047,1
44,D104,1
44,D191,1
44,D417,1
44,D046,1
44,D021,1
44,D200,1
44,D019,1
44,D280,1
44,D231,1
44,D117,1
44,D105,1
44,D215,1
44,D302,1
44,D160,1
44,D159,1
44,D123,1
44,D162,1
44,D172,1
44,D310,1
44,D360,1
44,D232,1
44,D014,1
44,D290,1
44,D168,1
44,D197,1
44,D311,1
44,D261,1
44,D076,1
45,D649,28405
45,D619,10109
45,D571,4198
45,D62,1721
45,D500,1461
45,D589,1402
45,D570,1150
45,D591,1094
45,D509,687
45,D648,470
45,D510,432
45,D593,300
45,D539,288
45,D610,209
45,D643,184
45,D530,174
45,D599,126
45,D609,126
45,D573,112
45,D595,107
45,D561,99
45,D508,99
45,D569,97
45,D572,96
45,D594,93
45,D529,92
45,D613,69
45,D582,69
45,D580,45
45,D560,33
45,D531,28
45,D519,22
45,D568,10
45,D644,8
45,D611,6
45,D550,5
45,D588,4
45,D618,4
45,D596,3
45,D511,3
45,D501,2
45,D612,2
45,D581,1
45,D551,1
45,D600,1
45,D608,1
45,D578,1
45,D552,1
45,D562,1
45,D563,1
45,D592,1
45,D590,1
45,D641,1
45,D518,1
45,D642,1
46,E149,401574
46,E119,144467
46,E142,79698
46,E112,36754
46,E145,34213
46,E109,33001
46,E141,20810
46,E115,14064
46,E147,10404
46,E102,6284
46,E117,5177
46,E105,3130
46,E146,2794
46,E140,2761
46,E144,2494
46,E101,2167
46,E111,1529
46,E107,1467
46,E114,1297
46,E116,1195
46,E110,731
46,E104,462
46,E100,308
46,E106,282
46,E143,141
46,E129,90
46,E113,83
46,E103,57
46,E148,29
46,E139,28
46,E122,26
46,E118,11
46,E132,10
46,E127,6
46,E121,4
46,E108,3
46,E135,3
46,E125,3
46,E126,3
46,E130,2
46,E131,2
46,E137,2
46,E136,2
46,E138,1
46,E120,1
46,E124,1
48,E46,23496
48,E43,8433
48,E45,1710
48,E41,643
48,E440,122
48,E40,53
48,E441,12
48,E42,6
49,E639,1010
49,E538,559
49,E512,265
49,E611,48
49,E640,24
49,E550,18
49,E569,16
49,E559,15
49,E615,14
49,E638,11
49,E54,9
49,E519,6
49,E561,6
49,E539,5
49,E511,4
49,E610,3
49,E52,2
49,E630,1
49,E531,1
49,E612,1
49,E58,1
49,E643,1
49,E648,1
49,E619,1
50,G039,2962
50,G009,1820
50,G002,736
50,G001,592
50,G008,190
50,G030,171
50,G003,134
50,G031,64
50,G000,41
50,G038,4
50,G032,1
51,G20,246814
51,G219,830
51,G210,614
51,G218,215
51,G214,80
51,G211,16
51,G212,2
51,G213,1
52,G309,896200
52,G301,24680
52,G300,241
52,G308,144
55,I059,10825
55,I080,8113
55,I050,4801
55,I071,2668
55,I099,2565
55,I091,1131
55,I081,1100
55,I060,634
55,I083,573
55,I051,460
55,I078,335
55,I089,323
55,I079,276
55,I052,263
55,I090,237
55,I058,188
55,I082,171
55,I069,157
55,I011,129
55,I018,89
55,I088,77
55,I061,67
55,I00,58
55,I062,34
55,I070,26
55,I098,24
55,I019,16
55,I010,12
55,I029,5
55,I072,3
55,I092,2
55,I068,2
56,I119,251086
56,I110,125499
57,I132,22048
57,I131,14193
57,I139,1246
57,I130,1171
59,I219,1388327
59,I214,3153
59,I229,629
59,I213,198
59,I210,45
59,I211,21
59,I212,20
59,I220,16
59,I228,3
59,I221,3
60,I249,26504
60,I248,17384
60,I241,17
62,I250,657654
63,I251,1936376
63,I255,131639
63,I259,123208
63,I258,18178
63,I209,1472
63,I253,769
63,I200,344
63,I252,241
63,I201,169
63,I254,118
63,I208,3
63,I256,3
65,I330,12941
65,I339,471
66,I319,2503
66,I313,2476
66,I400,1857
66,I409,690
66,I311,552
66,I312,339
66,I301,289
66,I401,194
66,I309,189
66,I308,112
66,I408,51
66,I310,50
66,I300,33
66,I318,18
67,I500,607764
67,I509,65179
67,I501,1901
68,I429,192955
68,I48,188436
68,I469,149181
68,I350,144636
68,I499,86995
68,I269,83666
68,I519,63549
68,I516,61759
68,I38,58552
68,I272,54412
68,I420,47605
68,I461,24141
68,I340,22052
68,I517,19462
68,I359,16248
68,I490,12911
68,I279,12476
68,I518,12203
68,I422,10029
68,I458,7412
68,I472,5928
68,I514,5603
68,I426,5567
68,I351,5306
68,I495,4870
68,I442,4215
68,I270,3545
68,I358,2535
68,I341,2453
68,I425,1887
68,I515,1824
68,I421,1712
68,I459,1549
68,I471,1486
68,I498,1359
68,I428,1216
68,I348,1003
68,I352,845
68,I424,634
68,I349,581
68,I271,502
68,I443,403
68,I288,397
68,I513,360
68,I289,352
68,I260,303
68,I278,301
68,I456,293
68,I342,226
68,I510,183
68,I441,175
68,I447,159
68,I361,148
68,I427,145
68,I281,137
68,I511,125
68,I512,106
68,I493,84
68,I451,84
68,I423,75
68,I455,65
68,I454,54
68,I440,47
68,I379,47
68,I370,45
68,I378,37
68,I371,34
68,I369,34
68,I479,24
68,I452,23
68,I368,19
68,I491,17
68,I453,15
68,I280,14
68,I470,6
68,I444,4
68,I460,3
68,I494,2
68,I372,1
68,I362,1
69,I10,190549
69,I120,107524
69,I129,3121
69,I150,69
69,I159,34
70,I64,755369
70,I619,158492
70,I694,100653
70,I629,93226
70,I679,66455
70,I698,60562
70,I609,53118
70,I639,40253
70,I620,25090
70,I672,18391
70,I678,12519
70,I634,11398
70,I633,9643
70,I615,8586
70,I632,7516
70,I613,6975
70,I693,5594
70,I614,5389
70,I607,4067
70,I635,4025
70,I671,3798
70,I610,2972
70,I608,2594
70,I611,2442
70,I691,2009
70,I630,1629
70,I692,1491
70,I638,1136
70,I600,981
70,I674,949
70,I690,845
70,I677,731
70,I618,527
70,I606,520
70,I612,405
70,I675,279
70,I621,246
70,I631,237
70,I673,173
70,I670,133
70,I604,7
70,I616,5
70,I602,4
70,I676,3
70,I605,3
70,I636,2
70,I601,2
71,I709,81014
71,I702,2366
71,I700,497
71,I701,341
71,I708,25
73,I710,35472
73,I713,34674
73,I714,17696
73,I718,11531
73,I711,7154
73,I719,7077
73,I712,6067
73,I716,1563
73,I715,952
74,I739,75191
74,I729,3601
74,I776,3236
74,I749,3096
74,I779,2766
74,I741,1537
74,I772,1490
74,I723,1216
74,I771,967
74,I728,940
74,I743,849
74,I778,817
74,I770,719
74,I724,435
74,I780,401
74,I740,371
74,I722,350
74,I748,293
74,I720,273
74,I738,220
74,I744,176
74,I725,170
74,I731,169
74,I745,132
74,I730,131
74,I788,116
74,I781,93
74,I773,91
74,I742,64
74,I774,37
74,I789,14
74,I721,10
74,I775,2
75,I802,27697
75,I99,3117
75,I803,2742
75,I959,2486
75,I850,1408
75,I81,1217
75,I839,1163
75,I829,1081
75,I890,803
75,I809,643
75,I828,620
75,I878,539
75,I872,494
75,I830,483
75,I859,442
75,I820,308
75,I951,305
75,I864,294
75,I822,294
75,I898,292
75,I871,289
75,I801,180
75,I958,142
75,I879,122
75,I831,122
75,I849,107
75,I808,61
75,I832,60
75,I868,58
75,I848,42
75,I823,42
75,I889,32
75,I899,21
75,I891,21
75,I842,20
75,I950,15
75,I880,12
75,I862,9
75,I870,8
75,I841,6
75,I952,5
75,I821,5
75,I888,3
75,I800,3
75,I840,2
75,I861,1
75,I860,1
75,I844,1
77,J110,7844
77,J111,6587
77,J101,3448
77,J100,3351
77,J09,2862
77,J118,249
77,J108,114
78,J189,512409
78,J181,17864
78,J159,17128
78,J180,10807
78,J152,8847
78,J13,3472
78,J151,2817
78,J154,2341
78,J129,2119
78,J150,1314
78,J182,539
78,J14,500
78,J156,375
78,J158,358
78,J155,329
78,J121,250
78,J157,220
78,J188,190
78,J120,140
78,J128,79
78,J122,63
78,J153,39
78,J123,23
78,J160,17
78,J168,14
80,J209,1547
80,J219,558
80,J208,181
80,J210,146
80,J218,55
80,J205,9
80,J202,6
80,J206,3
80,J204,1
80,J201,1
80,J200,1
81,J22,592
83,J40,4085
83,J42,3197
83,J411,63
83,J410,4
84,J439,113303
84,J432,217
84,J431,83
84,J438,28
84,J430,7
85,J459,33987
85,J46,3174
85,J450,1757
85,J451,56
85,J458,4
86,J449,1136896
86,J440,177701
86,J441,33179
86,J448,20158
86,J47,10829
87,J61,5355
87,J60,2105
87,J64,741
87,J628,679
87,J680,173
87,J632,80
87,J634,27
87,J620,22
87,J684,19
87,J65,14
87,J660,13
87,J688,4
87,J668,4
87,J638,4
87,J630,3
87,J683,2
87,J681,2
87,J682,1
87,J661,1
88,J690,194079
88,J691,44
88,J698,5
89,J841,141419
89,J969,41420
89,J849,36968
89,J984,34462
89,J80,17636
89,J961,13491
89,J90,12130
89,J960,9366
89,J81,6135
89,J988,4125
89,J869,4023
89,J939,3091
89,J989,2817
89,J82,1949
89,J981,1745
89,J398,1601
89,J850,1595
89,J840,1566
89,J985,1406
89,J852,1150
89,J069,1089
89,J942,1016
89,J860,747
89,J980,730
89,J851,671
89,J329,664
89,J392,661
89,J679,652
89,J380,609
89,J982,481
89,J848,468
89,J930,450
89,J986,423
89,J931,406
89,J948,367
89,J387,286
89,J051,246
89,J700,223
89,J386,200
89,J390,178
89,J041,170
89,J384,156
89,J670,145
89,J383,125
89,J941,118
89,J348,96
89,J029,93
89,J385,92
89,J938,83
89,J949,80
89,J324,76
89,J020,74
89,J701,70
89,J36,70
89,J019,68
89,J040,67
89,J391,66
89,J399,62
89,J853,52
89,J042,45
89,J039,45
89,J320,43
89,J709,37
89,J010,36
89,J672,29
89,J304,27
89,J920,26
89,J359,23
89,J050,23
89,J929,22
89,J381,22
89,J323,21
89,J00,20
89,J370,18
89,J351,18
89,J940,17
89,J321,13
89,J358,12
89,J322,12
89,J028,11
89,J340,9
89,J060,9
89,J704,9
89,J339,8
89,J983,6
89,J703,6
89,J310,6
89,J301,6
89,J353,4
89,J371,4
89,J708,3
89,J678,3
89,J352,3
89,J328,3
89,J303,3
89,J030,3
89,J014,3
89,J011,3
89,J677,3
89,J393,2
89,J382,2
89,J343,2
89,J342,2
89,J341,2
89,J338,2
89,J018,2
89,J671,1
89,J350,1
89,J312,1
89,J302,1
89,J038,1
90,K265,6123
90,K274,5814
90,K264,5253
90,K254,4661
90,K255,4018
90,K275,2162
90,K279,1674
90,K259,1315
90,K269,1085
90,K266,436
90,K256,298
90,K276,216
90,K250,191
90,K284,190
90,K289,93
90,K260,75
90,K285,50
90,K277,43
90,K261,37
90,K270,34
90,K257,31
90,K263,23
90,K267,19
90,K253,15
90,K251,15
90,K271,8
90,K286,8
90,K273,8
90,K262,8
90,K252,6
90,K280,5
90,K287,4
90,K272,3
90,K283,2
90,K281,1
91,K350,1488
91,K358,1262
91,K37,829
91,K359,506
91,K353,137
91,K352,110
91,K351,79
91,K389,21
91,K36,16
91,K388,11
91,K381,3
91,K382,1
92,K449,4443
92,K460,4037
92,K430,2658
92,K403,2115
92,K469,1787
92,K439,1291
92,K440,1012
92,K420,668
92,K461,442
92,K409,420
92,K413,381
92,K431,264
92,K429,179
92,K404,175
92,K450,86
92,K421,73
92,K441,62
92,K414,43
92,K419,33
92,K458,33
92,K400,30
92,K402,20
92,K451,7
92,K401,3
94,K703,122091
94,K709,26327
94,K704,16271
94,K701,11105
94,K700,3755
94,K702,115
95,K746,174614
95,K743,4530
95,K745,1015
95,K739,813
95,K740,196
95,K741,138
95,K732,90
95,K744,41
95,K738,19
95,K730,8
96,K810,11130
96,K819,10567
96,K802,6027
96,K829,2503
96,K801,1437
96,K805,1382
96,K800,1342
96,K803,672
96,K811,637
96,K822,428
96,K804,391
96,K828,96
96,K818,75
96,K823,56
96,K820,49
96,K821,22
96,K808,17
96,K824,3
98,N009,1757
98,N049,1232
98,N019,90
98,N008,9
98,N000,3
98,N048,2
98,N017,2
98,N001,2
98,N045,1
98,N040,1
98,N018,1
99,N039,19339
99,N059,1057
99,N26,511
99,N028,364
99,N052,265
99,N058,128
99,N055,119
99,N051,81
99,N057,72
99,N022,50
99,N029,10
99,N038,8
99,N050,4
99,N079,4
99,N071,2
99,N031,2
99,N053,1
99,N035,1
100,N19,154515
100,N179,89798
100,N185,85402
100,N189,84451
100,N180,74610
100,N170,2201
100,N184,1703
100,N183,1021
100,N188,1005
100,N182,67
100,N178,20
100,N171,17
100,N181,7
100,N172,6
101,N258,128
101,N250,72
101,N251,66
101,N259,8
101,N279,5
101,N271,1
102,N12,5177
102,N10,1318
102,N151,303
102,N119,282
102,N111,94
102,N136,77
102,N110,8
102,N118,1
103,N40,5690
104,N739,794
104,N768,158
104,N719,142
104,N709,114
104,N764,68
104,N736,23
104,N760,17
104,N710,12
104,N700,11
104,N731,9
104,N762,9
104,N735,8
104,N732,8
104,N72,7
104,N750,4
104,N730,4
104,N701,4
104,N711,2
104,N766,1
104,N738,1
104,N751,1
106,O009,113
106,O001,57
106,O069,14
106,O038,13
106,O021,12
106,O035,10
106,O048,9
106,O039,9
106,O068,8
106,O036,8
106,O065,7
106,O059,5
106,O019,5
106,O078,5
106,O031,5
106,O075,4
106,O076,4
106,O008,3
106,O058,3
106,O067,2
106,O045,2
106,O020,2
106,O056,2
106,O066,2
106,O033,2
106,O029,2
106,O002,1
106,O073,1
106,O074,1
106,O063,1
106,O060,1
106,O037,1
106,O047,1
106,O077,1
106,O054,1
107,O268,1573
107,O998,1101
107,O96,1062
107,O994,691
107,O961,596
107,O960,494
107,O903,443
107,O95,323
107,O881,269
107,O266,247
107,O882,204
107,O249,164
107,O149,154
107,O995,138
107,O754,134
107,O993,132
107,O16,130
107,O101,128
107,O159,127
107,O100,108
107,O85,96
107,O908,84
107,O721,77
107,O988,74
107,O759,74
107,O469,71
107,O969,67
107,O459,57
107,O141,56
107,O223,54
107,O97,52
107,O720,48
107,O711,40
107,O970,39
107,O364,32
107,O150,32
107,O996,31
107,O142,29
107,O723,28
107,O411,27
107,O235,27
107,O679,25
107,O432,24
107,O987,23
107,O441,22
107,O971,21
107,O991,21
107,O622,21
107,O992,21
107,O25,20
107,O152,19
107,O229,18
107,O990,18
107,O751,16
107,O468,16
107,O11,15
107,O13,14
107,O300,14
107,O879,14
107,O230,13
107,O243,10
107,O904,9
107,O980,9
107,O269,9
107,O60,8
107,O291,8
107,O244,8
107,O880,8
107,O460,8
107,O985,7
107,O753,7
107,O240,6
107,O979,6
107,O429,5
107,O758,5
107,O868,5
107,O873,5
107,O341,4
107,O984,4
107,O997,4
107,O263,4
107,O210,4
107,O109,4
107,O722,4
107,O715,4
107,O710,4
107,O365,3
107,O102,3
107,O690,3
107,O871,3
107,O748,3
107,O103,3
107,O689,3
107,O670,3
107,O639,2
107,O363,2
107,O345,2
107,O234,2
107,O140,2
107,O120,2
107,O911,2
107,O713,2
107,O714,2
107,O981,2
107,O749,2
107,O209,2
107,O104,2
107,O864,2
107,O860,2
107,O200,2
107,O265,2
107,O678,2
107,O623,1
107,O888,1
107,O621,1
107,O450,1
107,O438,1
107,O431,1
107,O898,1
107,O321,1
107,O368,1
107,O343,1
107,O339,1
107,O301,1
107,O225,1
107,O264,1
107,O698,1
107,O241,1
107,O900,1
107,O340,1
107,O901,1
107,O912,1
107,O909,1
107,O348,1
107,O40,1
107,O750,1
107,O709,1
107,O208,1
107,O292,1
107,O883,1
107,O878,1
107,O870,1
107,O743,1
107,O731,1
107,O730,1
107,O717,1
107,O644,1
108,P072,36835
108,P073,11333
108,P011,8819
108,P220,6011
108,P369,5799
108,P027,5298
108,P010,5042
108,P77,4988
108,P291,4941
108,P021,4415
108,P290,3724
108,P280,3298
108,P523,3151
108,P219,2429
108,P015,2021
108,P832,1931
108,P269,1791
108,P916,1734
108,P271,1546
108,P209,1444
108,P012,1264
108,P529,1135
108,P293,1023
108,P059,953
108,P780,942
108,P000,894
108,P023,841
108,P251,767
108,P070,689
108,P229,684
108,P018,640
108,P239,624
108,P968,571
108,P60,555
108,P352,545
108,P039,532
108,P279,486
108,P399,482
108,P038,434
108,P364,423
108,P240,414
108,P250,396
108,P368,395
108,P524,367
108,P044,364
108,P351,349
108,P969,336
108,P005,324
108,P964,323
108,P614,314
108,P285,307
108,P360,290
108,P008,288
108,P960,261
108,P378,253
108,P549,253
108,P022,243
108,P024,217
108,P375,206
108,P025,198
108,P90,196
108,P548,178
108,P020,175
108,P362,168
108,P298,165
108,P210,163
108,P288,161
108,P284,159
108,P002,145
108,P042,135
108,P289,123
108,P522,122
108,P942,120
108,P013,112
108,P398,109
108,P910,108
108,P543,103
108,P030,99
108,P504,97
108,P363,93
108,P026,91
108,P003,88
108,P292,88
108,P249,85
108,P112,84
108,P051,84
108,P036,77
108,P912,73
108,P612,72
108,P361,70
108,P035,69
108,P159,67
108,P031,66
108,P236,63
108,P016,63
108,P350,59
108,P261,55
108,P009,52
108,P230,49
108,P701,48
108,P528,48
108,P702,47
108,P358,46
108,P809,45
108,P392,41
108,P371,41
108,P241,40
108,P001,40
108,P071,39
108,P393,36
108,P232,36
108,P613,36
108,P550,36
108,P235,35
108,P158,33
108,P781,31
108,P017,28
108,P38,27
108,P783,27
108,P592,26
108,P253,24
108,P509,24
108,P019,23
108,P281,22
108,P559,21
108,P700,21
108,P546,21
108,P359,21
108,P788,20
108,P526,19
108,P769,18
108,P833,17
108,P278,16
108,P034,16
108,P560,16
108,P372,15
108,P501,15
108,P525,15
108,P150,15
108,P233,14
108,P929,14
108,P043,14
108,P028,14
108,P599,13
108,P545,13
108,P041,12
108,P914,12
108,P588,12
108,P234,11
108,P119,11
108,P238,10
108,P579,10
108,P53,10
108,P268,10
108,P014,10
108,P050,9
108,P920,9
108,P616,9
108,P610,9
108,P299,9
108,P252,9
108,P033,8
108,P819,8
108,P258,8
108,P918,7
108,P519,7
108,P115,6
108,P270,6
108,P004,6
108,P961,6
108,P615,6
108,P544,6
108,P283,6
108,P111,6
108,P029,6
108,P049,5
108,P006,5
108,P365,5
108,P139,4
108,P228,4
108,P915,4
108,P838,4
108,P394,4
108,P200,4
108,P101,4
108,P007,4
108,P201,3
108,P243,3
108,P611,3
108,P800,3
108,P582,3
108,P558,3
108,P551,3
108,P521,3
108,P294,3
108,P120,3
108,P109,3
108,P082,3
108,P048,3
108,P500,3
108,P032,2
108,P046,2
108,P052,2
108,P110,2
108,P129,2
108,P242,2
108,P508,2
108,P919,2
108,P789,2
108,P760,2
108,P591,2
108,P370,2
108,P151,2
108,P113,2
108,P221,1
108,P128,1
108,P248,1
108,P940,1
108,P818,1
108,P965,1
108,P962,1
108,P923,1
108,P911,1
108,P839,1
108,P808,1
108,P768,1
108,P761,1
108,P721,1
108,P921,1
108,P619,1
108,P618,1
108,P598,1
108,P584,1
108,P570,1
108,P941,1
108,P353,1
108,P282,1
108,P260,1
108,P231,1
108,P149,1
108,P140,1
108,P374,1
108,P102,1
108,P518,1
108,P520,1
109,Q249,11622
109,Q909,10967
109,Q913,5569
109,Q613,4334
109,Q234,3632
109,Q336,3609
109,Q000,3459
109,Q917,3110
109,Q897,2930
109,Q899,2877
109,Q790,2760
109,Q273,2359
109,Q245,1889
109,Q211,1855
109,Q213,1733
109,Q039,1627
109,Q043,1523
109,Q059,1515
109,Q042,1405
109,Q210,1298
109,Q602,1210
109,Q850,1134
109,Q049,1113
109,Q874,1023
109,Q231,1020
109,Q248,993
109,Q203,930
109,Q606,851
109,Q999,795
109,Q871,738
109,Q898,733
109,Q878,733
109,Q02,715
109,Q614,657
109,Q789,639
109,Q780,635
109,Q250,606
109,Q212,552
109,Q282,523
109,Q279,510
109,Q230,505
109,Q251,501
109,Q225,499
109,Q771,497
109,Q793,468
109,Q019,454
109,Q792,433
109,Q255,433
109,Q070,413
109,Q200,408
109,Q851,407
109,Q601,373
109,Q256,367
109,Q046,364
109,Q031,364
109,Q283,362
109,Q054,346
109,Q935,335
109,Q872,329
109,Q929,325
109,Q928,307
109,Q201,301
109,Q442,295
109,Q870,293
109,Q079,273
109,Q894,272
109,Q433,270
109,Q998,269
109,Q204,268
109,Q321,265
109,Q619,256
109,Q040,245
109,Q893,239
109,Q262,239
109,Q254,234
109,Q431,233
109,Q224,231
109,Q796,224
109,Q858,222
109,Q612,213
109,Q208,211
109,Q639,208
109,Q611,207
109,Q239,202
109,Q339,201
109,Q688,189
109,Q396,184
109,Q048,182
109,Q927,182
109,Q822,180
109,Q819,175
109,Q244,173
109,Q642,171
109,Q438,165
109,Q246,163
109,Q890,162
109,Q969,160
109,Q675,160
109,Q933,159
109,Q605,159
109,Q253,154
109,Q446,152
109,Q600,144
109,Q794,124
109,Q772,124
109,Q430,124
109,Q798,122
109,Q795,117
109,Q439,117
109,Q643,112
109,Q938,111
109,Q218,111
109,Q257,107
109,Q349,103
109,Q333,102
109,Q774,97
109,Q610,95
109,Q264,92
109,Q828,91
109,Q447,91
109,Q226,91
109,Q315,86
109,Q791,83
109,Q330,83
109,Q233,83
109,Q390,79
109,Q219,79
109,Q240,78
109,Q799,77
109,Q992,75
109,Q934,74
109,Q782,74
109,Q743,74
109,Q678,73
109,Q459,73
109,Q044,73
109,Q860,72
109,Q030,70
109,Q764,63
109,Q392,61
109,Q873,59
109,Q759,59
109,Q419,58
109,Q939,57
109,Q268,55
109,Q348,54
109,Q318,54
109,Q232,54
109,Q445,50
109,Q773,47
109,Q754,43
109,Q359,43
109,Q620,42
109,Q320,42
109,Q278,42
109,Q423,41
109,Q269,41
109,Q263,40
109,Q453,39
109,Q410,38
109,Q288,38
109,Q221,38
109,Q012,38
109,Q891,37
109,Q289,36
109,Q770,35
109,Q220,35
109,Q750,33
109,Q228,31
109,Q069,31
109,Q399,30
109,Q859,29
109,Q761,29
109,Q615,29
109,Q984,29
109,Q631,28
109,Q892,27
109,Q676,27
109,Q334,27
109,Q045,27
109,Q758,26
109,Q647,26
109,Q400,26
109,Q311,26
109,Q649,25
109,Q391,25
109,Q811,24
109,Q223,24
109,Q809,23
109,Q398,23
109,Q338,23
109,Q229,23
109,Q444,22
109,Q379,22
109,Q214,22
109,Q038,22
109,Q820,21
109,Q411,21
109,Q324,21
109,Q300,20
109,Q776,19
109,Q753,19
109,Q388,19
109,Q382,19
109,Q332,19
109,Q788,18
109,Q403,18
109,Q777,17
109,Q238,17
109,Q018,17
109,Q781,16
109,Q751,16
109,Q623,16
109,Q804,15
109,Q766,15
109,Q280,15
109,Q812,14
109,Q458,14
109,Q412,14
109,Q202,14
109,Q868,13
109,Q749,13
109,Q429,13
109,Q915,12
109,Q748,12
109,Q564,12
109,Q559,12
109,Q189,12
109,Q242,12
109,Q742,11
109,Q319,11
109,Q078,11
109,Q641,10
109,Q621,10
109,Q394,10
109,Q310,10
109,Q604,9
109,Q401,9
109,Q322,9
109,Q205,9
109,Q911,8
109,Q823,8
109,Q824,8
109,Q645,8
109,Q549,8
109,Q978,8
109,Q386,8
109,Q988,7
109,Q925,7
109,Q821,7
109,Q778,7
109,Q699,7
109,Q633,7
109,Q627,7
109,Q529,7
109,Q437,7
109,Q402,7
109,Q206,7
109,Q056,7
109,Q258,7
109,Q970,6
109,Q818,6
109,Q916,6
109,Q648,6
109,Q638,6
109,Q313,6
109,Q068,6
109,Q002,6
109,Q281,6
109,Q912,5
109,Q760,5
109,Q740,5
109,Q677,5
109,Q658,5
109,Q644,5
109,Q450,5
109,Q265,5
109,Q158,5
109,Q182,5
109,Q180,5
109,Q057,5
109,Q010,5
109,Q222,5
109,Q272,5
109,Q968,4
109,Q784,4
109,Q783,4
109,Q769,4
109,Q628,4
109,Q618,4
109,Q519,4
109,Q434,4
109,Q369,4
109,Q308,4
109,Q252,4
109,Q259,4
109,Q103,4
109,Q061,4
109,Q055,4
109,Q052,4
109,Q989,3
109,Q932,3
109,Q921,3
109,Q901,3
109,Q951,3
109,Q959,3
109,Q848,3
109,Q829,3
109,Q741,3
109,Q731,3
109,Q728,3
109,Q668,3
109,Q652,3
109,Q539,3
109,Q513,3
109,Q451,3
109,Q393,3
109,Q385,3
109,Q383,3
109,Q312,3
109,Q301,3
109,Q241,3
109,Q112,3
109,Q062,3
109,Q159,3
109,Q209,3
109,Q987,2
109,Q981,2
109,Q971,2
109,Q825,2
109,Q808,2
109,Q802,2
109,Q923,2
109,Q775,2
109,Q762,2
109,Q729,2
109,Q713,2
109,Q673,2
109,Q632,2
109,Q625,2
109,Q624,2
109,Q558,2
109,Q554,2
109,Q518,2
109,Q443,2
109,Q441,2
109,Q432,2
109,Q395,2
109,Q323,2
109,Q378,2
109,Q309,2
109,Q058,2
109,Q266,2
109,Q041,2
109,Q001,2
109,Q271,2
109,Q270,2
109,Q243,2
109,Q985,1
109,Q980,1
109,Q979,1
109,Q930,1
109,Q962,1
109,Q960,1
109,Q937,1
109,Q931,1
109,Q936,1
109,Q950,1
109,Q862,1
109,Q861,1
109,Q902,1
109,Q842,1
109,Q840,1
109,Q839,1
109,Q833,1
109,Q955,1
109,Q803,1
109,Q800,1
109,Q785,1
109,Q768,1
109,Q767,1
109,Q738,1
109,Q730,1
109,Q724,1
109,Q719,1
109,Q718,1
109,Q709,1
109,Q703,1
109,Q661,1
109,Q660,1
109,Q659,1
109,Q651,1
109,Q603,1
109,Q555,1
109,Q532,1
109,Q527,1
109,Q514,1
109,Q512,1
109,Q510,1
109,Q506,1
109,Q435,1
109,Q422,1
109,Q421,1
109,Q408,1
109,Q387,1
109,Q341,1
109,Q340,1
109,Q060,1
109,Q111,1
109,Q188,1
109,Q185,1
109,Q184,1
109,Q161,1
109,Q150,1
109,Q138,1
109,Q050,1
109,Q130,1
109,Q011,1
109,Q051,1
109,Q274,1
110,R99,138207
110,R628,65406
110,R54,58152
110,R092,23351
110,R53,23091
110,R95,21919
110,R688,17223
110,R568,12270
110,R570,4730
110,R58,4058
110,R579,3004
110,R64,2964
110,R91,2548
110,R090,2543
110,R960,2469
110,R060,1761
110,R13,1688
110,R068,1679
110,R198,1404
110,R630,1006
110,R001,997
110,R02,933
110,R048,833
110,R578,705
110,R190,637
110,R418,630
110,R55,441
110,R571,405
110,R298,361
110,R104,340
110,R042,338
110,R509,316
110,R064,273
110,R634,268
110,R98,262
110,R636,262
110,R074,185
110,R402,184
110,R470,183
110,R100,172
110,R098,165
110,R522,154
110,R739,148
110,R000,130
110,R638,126
110,R222,115
110,R18,114
110,R11,110
110,R900,109
110,R629,82
110,R75,73
110,R31,71
110,R263,70
110,R943,69
110,R601,69
110,R609,65
110,R221,62
110,R798,61
110,R040,56
110,R17,55
110,R413,48
110,R599,41
110,R591,35
110,R680,34
110,R560,32
110,R529,28
110,R270,28
110,R33,25
110,R410,19
110,R14,19
110,R600,18
110,R780,17
110,R278,16
110,R008,16
110,R049,15
110,R908,13
110,R51,13
110,R011,13
110,R268,12
110,R091,12
110,R633,11
110,R161,10
110,R160,10
110,R05,10
110,R220,9
110,R590,8
110,R041,8
110,R768,7
110,R42,7
110,R101,7
110,R061,7
110,R945,5
110,R730,5
110,R788,5
110,R451,5
110,R252,5
110,R233,5
110,R701,4
110,R468,4
110,R34,4
110,R162,4
110,R961,3
110,R749,3
110,R482,3
110,R456,3
110,R229,3
110,R21,3
110,R002,3
110,R80,2
110,R72,2
110,R632,2
110,R520,2
110,R471,2
110,R458,2
110,R441,2
110,R102,2
110,R942,1
110,R940,1
110,R897,1
110,R849,1
110,R825,1
110,R823,1
110,R784,1
110,R783,1
110,R782,1
110,R781,1
110,R779,1
110,R748,1
110,R740,1
110,R71,1
110,R631,1
110,R508,1
110,R490,1
110,R488,1
110,R461,1
110,R453,1
110,R432,1
110,R401,1
110,R400,1
110,R391,1
110,R300,1
110,R291,1
110,R290,1
110,R258,1
110,R251,1
110,R238,1
110,R234,1
110,R230,1
110,R224,1
110,R200,1
110,R103,1
110,R073,1
110,R072,1
110,R070,1
110,R066,1
110,R065,1
110,R062,1
111,F03,1049358
111,N390,134012
111,F019,96621
111,K922,84922
111,E785,81489
111,G122,72939
111,K559,67076
111,G931,64218
111,K566,50394
111,K769,47275
111,F102,44328
111,G35,41397
111,K729,38726
111,E668,37936
111,E86,28211
111,K859,25797
111,F101,24413
111,G318,23917
111,M069,23650
111,E669,23528
111,K631,22453
111,G319,21743
111,K550,21394
111,E780,20167
111,F011,18707
111,G809,16874
111,G934,16061
111,E872,15443
111,E039,15352
111,M869,14623
111,K579,14125
111,K578,13516
111,F191,12201
111,M321,11854
111,K760,11846
111,D689,11801
111,K529,11453
111,G10,10357
111,G473,10077
111,E889,10036
111,F069,9785
111,M348,9239
111,G409,9099
111,N288,8955
111,G710,8944
111,K659,8805
111,G311,8330
111,K830,8321
111,D869,8035
111,N289,7998
111,L039,7821
111,L89,7632
111,K650,7586
111,G419,7529
111,G700,7345
111,M199,7205
111,M628,6883
111,M819,6679
111,M809,6551
111,K562,6524
111,E854,6473
111,K509,6340
111,E875,6178
111,D65,6020
111,E870,5856
111,L031,5758
111,F179,5723
111,M726,5633
111,K219,5604
111,E859,5553
111,K767,5427
111,L089,5286
111,G310,5180
111,F329,5101
111,K639,5078
111,D696,4701
111,L899,4698
111,G825,4621
111,K754,4492
111,K869,4385
111,K720,4292
111,K567,4063
111,E878,4034
111,G919,3916
111,D70,3902
111,K831,3866
111,F059,3791
111,F79,3788
111,E871,3771
111,M009,3654
111,M313,3646
111,K318,3643
111,E162,3583
111,M349,3573
111,K565,3552
111,G822,3491
111,F051,3469
111,K519,3436
111,G939,3406
111,F209,3368
111,K222,3350
111,N200,3297
111,K861,3246
111,K852,3194
111,G049,3075
111,G912,3065
111,K759,2990
111,G936,2909
111,K572,2894
111,F109,2887
111,D693,2859
111,G711,2856
111,K85,2766
111,N139,2759
111,G935,2714
111,M311,2714
111,K593,2703
111,G709,2669
111,M419,2664
111,G629,2658
111,E880,2658
111,E835,2645
111,M480,2611
111,M139,2569
111,F54,2538
111,D849,2496
111,G610,2448
111,E059,2419
111,F141,2356
111,M359,2324
111,K223,2302
111,E840,2181
111,K632,2175
111,F107,2165
111,L984,2148
111,M462,2144
111,E831,2132
111,K661,2125
111,K224,2095
111,K551,2014
111,K319,1874
111,G938,1858
111,K750,1855
111,M332,1801
111,E876,1757
111,L930,1741
111,M051,1727
111,G459,1726
111,D860,1715
111,F199,1707
111,G903,1667
111,K20,1609
111,E849,1595
111,D899,1587
111,K590,1574
111,K625,1571
111,K220,1559
111,E877,1556
111,K902,1544
111,K768,1510
111,K573,1498
111,G060,1497
111,M329,1493
111,L97,1484
111,G239,1477
111,G312,1465
111,K228,1453
111,K297,1445
111,E662,1445
111,F103,1424
111,G129,1407
111,F111,1402
111,F100,1402
111,G062,1401
111,G92,1394
111,F149,1364
111,M844,1325
111,G959,1290
111,E848,1288
111,G406,1286
111,E752,1269
111,F319,1257
111,G111,1243
111,N133,1241
111,D728,1231
111,N321,1223
111,E274,1173
111,G119,1159
111,M609,1151
111,M331,1131
111,M866,1130
111,N319,1126
111,M341,1121
111,K112,1107
111,N498,1100
111,M464,1085
111,K766,1080
111,G838,1069
111,M350,1062
111,K311,1053
111,E271,1050
111,K860,1042
111,G712,1036
111,M353,1031
111,D868,1030
111,G729,1013
111,K221,990
111,F192,980
111,K564,969
111,K721,967
111,G09,943
111,D761,935
111,F322,919
111,M316,903
111,F119,901
111,M109,896
111,K638,864
111,K229,856
111,K668,852
111,G373,849
111,G238,847
111,M402,834
111,K225,829
111,K629,827
111,F151,816
111,G819,814
111,E230,812
111,E213,808
111,E722,803
111,F104,788
111,L024,779
111,L029,772
111,N309,768
111,F72,766
111,K660,765
111,M622,751
111,K611,739
111,K226,735
111,L120,731
111,M549,727
111,G14,719
111,G600,715
111,D66,714
111,G98,711
111,K920,711
111,D688,703
111,G908,693
111,K909,685
111,G911,666
111,G628,663
111,D682,660
111,M489,657
111,G618,656
111,K929,653
111,K296,652
111,F500,646
111,E340,641
111,L022,635
111,G808,635
111,L512,630
111,K868,626
111,M310,623
111,L511,621
111,F73,615
111,N135,611
111,L893,598
111,K560,597
111,L033,590
111,E079,579
111,D759,577
111,N823,577
111,D686,576
111,G379,569
111,E222,569
111,N839,560
111,D758,554
111,E035,543
111,N329,541
111,G403,525
111,F171,519
111,M053,516
111,G839,516
111,E782,512
111,E781,504
111,G952,503
111,G932,499
111,F159,498
111,E232,498
111,D735,498
111,M513,494
111,K088,492
111,M45,487
111,N320,482
111,G951,476
111,M600,472
111,F439,466
111,M889,465
111,G824,456
111,K863,449
111,D695,446
111,N201,440
111,M351,440
111,F200,438
111,D694,434
111,L989,430
111,M259,423
111,K839,421
111,N429,420
111,E713,414
111,E050,414
111,F259,413
111,N63,405
111,E049,401
111,F29,399
111,K552,390
111,F419,387
111,K928,386
111,G061,385
111,K630,382
111,F842,379
111,G08,377
111,E754,377
111,K900,366
111,F205,364
111,N492,353
111,G950,348
111,G930,348
111,K047,344
111,K635,343
111,K210,343
111,F112,343
111,K227,342
111,M317,342
111,H669,341
111,N280,337
111,M301,336
111,K633,334
111,K292,333
111,E660,333
111,K669,329
111,G404,329
111,D752,327
111,L988,326
111,E830,325
111,M300,325
111,K598,321
111,D739,317
111,M340,307
111,K838,303
111,M625,302
111,N939,302
111,M729,301
111,K623,299
111,E055,295
111,M179,294
111,K628,292
111,F106,292
111,K761,288
111,M478,288
111,K561,285
111,M868,284
111,G713,280
111,F99,279
111,F431,277
111,E789,272
111,L109,270
111,E15,270
111,K563,269
111,D762,266
111,G360,265
111,D760,265
111,G372,263
111,M623,260
111,M479,260
111,E740,258
111,K316,256
111,N324,256
111,L023,254
111,N209,253
111,G728,251
111,M169,250
111,G969,248
111,G249,248
111,L409,246
111,D891,244
111,G609,243
111,G259,243
111,N159,239
111,E762,237
111,D839,237
111,M793,234
111,M898,234
111,G244,233
111,E249,232
111,M899,231
111,K501,230
111,M052,225
111,D731,222
111,E279,221
111,D721,221
111,H709,217
111,E888,216
111,E750,216
111,D71,214
111,M159,213
111,K658,212
111,G258,209
111,D685,207
111,K295,206
111,K122,205
111,D801,202
111,D699,201
111,M879,201
111,G901,200
111,L021,199
111,N859,199
111,G718,198
111,M050,198
111,M358,196
111,F840,193
111,N132,191
111,E778,190
111,F508,189
111,K904,188
111,K851,188
111,L032,184
111,M797,183
111,F142,183
111,D763,182
111,K290,181
111,L539,180
111,G958,176
111,F202,176
111,E761,170
111,K901,168
111,K862,168
111,G048,168
111,E786,168
111,D819,168
111,N300,165
111,K589,164
111,N419,164
111,K921,163
111,E063,163
111,G909,162
111,L038,161
111,K521,158
111,K626,157
111,K520,157
111,L100,156
111,K571,154
111,M314,154
111,G961,152
111,M545,151
111,D680,150
111,G589,149
111,M818,149
111,F502,148
111,F412,146
111,K599,145
111,M861,145
111,E743,144
111,L405,143
111,K850,143
111,M432,141
111,G121,140
111,N61,137
111,M512,137
111,G120,136
111,E834,136
111,M100,135
111,K763,134
111,G231,134
111,N328,134
111,M519,134
111,K510,133
111,K315,133
111,E210,133
111,G253,131
111,N649,131
111,M080,130
111,N359,129
111,E841,127
111,M469,127
111,G801,126
111,D684,126
111,D821,125
111,N138,124
111,G918,123
111,E763,123
111,M352,123
111,G255,122
111,M319,121
111,L88,120
111,K758,120
111,N399,120
111,E220,120
111,N948,118
111,G821,117
111,F220,114
111,K604,113
111,D733,113
111,G114,112
111,F181,112
111,E272,111
111,E237,111
111,K298,110
111,F172,110
111,N832,110
111,M471,110
111,D892,109
111,D841,109
111,N308,109
111,K570,108
111,N312,108
111,E711,107
111,E883,105
111,N482,105
111,N210,105
111,E858,104
111,M130,104
111,L129,103
111,E802,103
111,G500,100
111,G250,100
111,E744,99
111,N302,99
111,E852,98
111,E343,98
111,E042,98
111,K137,97
111,G968,96
111,F193,95
111,F432,93
111,K610,92
111,N304,92
111,H540,91
111,E760,91
111,M318,91
111,F09,90
111,F239,89
111,E873,89
111,E748,89
111,M629,89
111,G040,88
111,L929,87
111,L309,87
111,G834,87
111,G603,87
111,G405,87
111,E720,87
111,K291,86
111,N811,86
111,G724,85
111,E209,85
111,D690,83
111,M541,83
111,H050,82
111,G113,82
111,N882,81
111,N322,81
111,K121,80
111,K102,80
111,N137,80
111,F509,79
111,E725,79
111,F072,78
111,D809,78
111,N368,78
111,L028,77
111,N142,77
111,M796,77
111,G910,76
111,F89,76
111,E756,75
111,E751,75
111,E721,75
111,G621,74
111,M509,72
111,M890,72
111,M082,72
111,K624,71
111,F067,71
111,E250,71
111,N211,71
111,E833,70
111,K317,69
111,G608,69
111,K30,68
111,K113,68
111,E164,67
111,D738,67
111,N824,67
111,N501,67
111,M503,67
111,G230,65
111,K908,64
111,K716,64
111,E052,62
111,F411,61
111,L020,60
111,G042,60
111,N412,60
111,M941,60
111,F139,59
111,N814,59
111,N360,59
111,L26,57
111,G232,57
111,E770,57
111,K528,56
111,K500,56
111,G450,56
111,F819,56
111,D823,56
111,L892,55
111,G588,55
111,N459,55
111,K627,54
111,G474,54
111,F55,54
111,E236,54
111,M303,54
111,M255,54
111,L732,53
111,G831,53
111,D692,53
111,N950,53
111,G708,52
111,D803,52
111,H409,51
111,G378,51
111,G241,51
111,N410,51
111,M954,51
111,E701,50
111,D820,50
111,D751,50
111,M431,50
111,F323,49
111,N411,49
111,M192,49
111,G904,48
111,E724,48
111,N858,48
111,H353,47
111,M608,47
111,H440,46
111,G529,46
111,F152,46
111,K833,45
111,G960,45
111,E723,45
111,K711,44
111,K592,44
111,F919,44
111,E851,44
111,E349,44
111,N301,44
111,M000,44
111,G803,43
111,F113,43
111,F018,43
111,N141,43
111,N130,43
111,L030,42
111,H498,42
111,G800,42
111,E348,42
111,E310,42
111,E269,42
111,M798,42
111,G510,41
111,M841,41
111,M702,41
111,M064,41
111,L139,40
111,F131,40
111,E791,40
111,K558,39
111,E278,39
111,D890,39
111,E215,38
111,E041,38
111,D67,38
111,M245,38
111,L00,37
111,K753,37
111,G439,37
111,F489,37
111,F39,37
111,F197,37
111,M611,37
111,L905,36
111,G937,36
111,G720,36
111,G470,36
111,G248,35
111,F453,35
111,E771,35
111,M542,35
111,G900,34
111,E790,34
111,N489,34
111,N809,34
111,M808,34
111,M257,34
111,K294,33
111,F71,33
111,F070,33
111,D802,33
111,D800,33
111,D691,33
111,M728,33
111,K029,32
111,F129,32
111,E160,32
111,N820,32
111,M792,32
111,M791,32
111,M711,32
111,H700,31
111,G402,31
111,F010,31
111,E069,31
111,M948,31
111,M878,31
111,M488,31
111,L982,31
111,K613,30
111,G371,30
111,F70,30
111,E755,30
111,E031,30
111,N509,30
111,K858,29
111,K603,29
111,K119,29
111,F308,29
111,E233,29
111,M895,29
111,M502,29
111,M436,29
111,L519,28
111,L401,28
111,F82,28
111,E703,28
111,N202,28
111,K765,27
111,K149,27
111,K052,27
111,G401,27
111,F140,27
111,N508,27
111,M500,27
111,H609,26
111,E268,26
111,D898,26
111,N829,26
111,L605,25
111,L108,25
111,K299,25
111,K148,25
111,G802,25
111,E260,25
111,N421,25
111,F429,24
111,F410,24
111,M415,24
111,M414,24
111,M138,24
111,K518,23
111,K070,23
111,K056,23
111,D824,23
111,M510,23
111,L509,22
111,G479,22
111,F058,22
111,N949,22
111,M463,22
111,K719,21
111,K051,21
111,G933,21
111,G619,21
111,G408,21
111,F448,21
111,F332,21
111,E161,21
111,D848,21
111,N838,21
111,N281,21
111,M439,21
111,L891,20
111,L121,20
111,K832,20
111,K621,20
111,K580,20
111,G721,20
111,E242,20
111,F609,19
111,E874,19
111,E850,19
111,E784,19
111,E702,19
111,E291,19
111,E065,19
111,N140,19
111,M790,19
111,M719,19
111,M626,19
111,M430,19
111,L270,18
111,L088,18
111,K634,18
111,H602,18
111,G522,18
111,G361,18
111,N889,18
111,N323,18
111,L538,17
111,H919,17
111,G418,17
111,F339,17
111,E882,17
111,N938,17
111,N800,17
111,N144,17
111,M244,17
111,L408,16
111,G719,16
111,G587,16
111,F341,16
111,F013,16
111,E881,16
111,E729,16
111,N850,16
111,N428,16
111,M839,16
111,M548,16
111,M481,16
111,M418,16
111,M250,16
111,K314,15
111,K123,15
111,H810,15
111,H701,15
111,H059,15
111,G811,15
111,G243,15
111,F605,15
111,E801,15
111,N852,15
111,N835,15
111,N499,15
111,M615,15
111,M413,15
111,L928,14
111,L059,14
111,K117,14
111,K053,14
111,G369,14
111,E742,14
111,D730,14
111,N818,14
111,N342,14
111,N134,14
111,M412,14
111,M103,14
111,M023,14
111,L439,13
111,L209,13
111,K764,13
111,G723,13
111,G601,13
111,E320,13
111,E282,13
111,E211,13
111,E034,13
111,D732,13
111,N952,13
111,N821,13
111,N369,13
111,N888,13
111,M800,13
111,M799,13
111,N920,13
111,M538,13
111,M112,13
111,K602,12
111,K512,12
111,K007,12
111,G702,12
111,G400,12
111,F849,12
111,F480,12
111,F161,12
111,F133,12
111,E710,12
111,N899,12
111,M543,12
111,M511,12
111,M246,12
111,L985,12
111,K310,11
111,K089,11
111,H499,11
111,G722,11
111,G542,11
111,G521,11
111,F328,11
111,F309,11
111,F105,11
111,D749,11
111,N485,11
111,N413,11
111,M779,11
111,M356,11
111,L890,10
111,L010,10
111,K835,10
111,K718,10
111,K612,10
111,H71,10
111,G370,10
111,F488,10
111,F121,10
111,E853,10
111,E804,10
111,E800,10
111,E779,10
111,E329,10
111,E328,10
111,N340,10
111,M959,10
111,M485,10
111,L814,9
111,L104,9
111,L102,9
111,L050,9
111,K140,9
111,K130,9
111,K068,9
111,H109,9
111,G407,9
111,F444,9
111,F204,9
111,F117,9
111,E788,9
111,N481,9
111,N433,9
111,N131,9
111,M852,9
111,M843,9
111,M840,9
111,M703,9
111,M659,9
111,M546,9
111,M330,9
111,M243,9
111,L983,9
111,L308,8
111,H664,8
111,G830,8
111,G622,8
111,G545,8
111,G540,8
111,G458,8
111,F900,8
111,F449,8
111,F252,8
111,F203,8
111,F144,8
111,E240,8
111,E078,8
111,E060,8
111,E009,8
111,D720,8
111,D681,8
111,N951,8
111,N883,8
111,N831,8
111,N648,8
111,N641,8
111,N450,8
111,N44,8
111,N398,8
111,M942,8
111,M858,8
111,M539,8
111,M465,8
111,M339,8
111,M002,8
111,L721,7
111,H531,7
111,H355,7
111,H269,7
111,G833,7
111,G804,7
111,G410,7
111,G118,7
111,G112,7
111,F952,7
111,F108,7
111,F063,7
111,E805,7
111,E728,7
111,E273,7
111,E229,7
111,D813,7
111,D804,7
111,N488,7
111,N418,7
111,M910,7
111,M624,7
111,M621,7
111,M532,7
111,M401,7
111,L940,7
111,L739,6
111,L720,6
111,L440,6
111,L280,6
111,L128,6
111,L080,6
111,K762,6
111,K751,6
111,K108,6
111,H521,6
111,G832,6
111,G252,6
111,G041,6
111,F681,6
111,F458,6
111,F430,6
111,F154,6
111,F132,6
111,E803,6
111,E730,6
111,N908,6
111,N816,6
111,N813,6
111,N23,6
111,M751,6
111,M674,6
111,M518,6
111,M061,6
111,M060,6
111,L949,6
111,L403,5
111,L303,5
111,L299,5
111,L239,5
111,L123,5
111,L042,5
111,L041,5
111,K574,5
111,K522,5
111,K513,5
111,K120,5
111,K081,5
111,H830,5
111,G541,5
111,G528,5
111,G527,5
111,G471,5
111,G240,5
111,G128,5
111,F909,5
111,E739,5
111,E65,5
111,E243,5
111,E201,5
111,D862,5
111,D698,5
111,D683,5
111,N898,5
111,N879,5
111,N840,5
111,N483,5
111,N47,5
111,N393,5
111,M953,5
111,M856,5
111,M804,5
111,M531,5
111,M461,5
111,M405,5
111,M068,5
111,M063,5
111,L931,4
111,L570,4
111,L559,4
111,L22,4
111,L131,4
111,L130,4
111,K118,4
111,K115,4
111,H913,4
111,H708,4
111,H601,4
111,H549,4
111,H356,4
111,H342,4
111,H160,4
111,H058,4
111,H052,4
111,G913,4
111,G823,4
111,G564,4
111,G543,4
111,G451,4
111,G438,4
111,G368,4
111,F88,4
111,F845,4
111,F521,4
111,F459,4
111,F400,4
111,F340,4
111,F311,4
111,F232,4
111,F194,4
111,F137,4
111,F122,4
111,E806,4
111,E798,4
111,E749,4
111,E678,4
111,E283,4
111,E169,4
111,E032,4
111,D863,4
111,D818,4
111,N921,4
111,N909,4
111,N857,4
111,N394,4
111,M949,4
111,M940,4
111,M911,4
111,M893,4
111,M816,4
111,M704,4
111,M679,4
111,M665,4
111,M664,4
111,M658,4
111,M483,4
111,M472,4
111,M355,4
111,M308,4
111,M219,4
111,M059,4
111,L959,4
111,L858,3
111,L52,3
111,L278,3
111,L208,3
111,L111,3
111,L049,3
111,K903,3
111,K853,3
111,K717,3
111,K622,3
111,K523,3
111,K515,3
111,K076,3
111,K069,3
111,H905,3
111,H579,3
111,H504,3
111,H494,3
111,H350,3
111,H332,3
111,H169,3
111,H110,3
111,H051,3
111,G602,3
111,G518,3
111,G440,3
111,G110,3
111,F982,3
111,F911,3
111,F843,3
111,F300,3
111,F195,3
111,F190,3
111,F182,3
111,F177,3
111,F169,3
111,F150,3
111,F079,3
111,F068,3
111,E68,3
111,E345,3
111,E289,3
111,D861,3
111,D808,3
111,D805,3
111,D734,3
111,D729,3
111,N822,3
111,N819,3
111,N645,3
111,N490,3
111,N343,3
111,N318,3
111,N158,3
111,M939,3
111,M859,3
111,M855,3
111,M815,3
111,M810,3
111,M651,3
111,M460,3
111,M258,3
111,M204,3
111,M198,3
111,M131,3
111,M125,3
111,M122,3
111,M089,3
111,L942,3
111,L932,2
111,L922,2
111,L920,2
111,L910,2
111,L850,2
111,L819,2
111,L817,2
111,L749,2
111,L678,2
111,L400,2
111,L304,2
111,L219,2
111,L138,2
111,K752,2
111,K605,2
111,K591,2
111,K575,2
111,K508,2
111,K111,2
111,K109,2
111,K079,2
111,K074,2
111,K073,2
111,H939,2
111,H931,2
111,H911,2
111,H660,2
111,H534,2
111,H492,2
111,H472,2
111,H445,2
111,H402,2
111,H309,2
111,H163,2
111,H021,2
111,G902,2
111,G820,2
111,G579,2
111,G549,2
111,G523,2
111,G512,2
111,G431,2
111,G245,2
111,F988,2
111,F918,2
111,F78,2
111,F69,2
111,F639,2
111,F59,2
111,F505,2
111,F445,2
111,F442,2
111,F349,2
111,F321,2
111,F320,2
111,F302,2
111,F28,2
111,F258,2
111,F206,2
111,F201,2
111,F189,2
111,F170,2
111,F163,2
111,F155,2
111,F143,2
111,F071,2
111,F061,2
111,F04,2
111,E832,2
111,E783,2
111,E712,2
111,E661,2
111,E342,2
111,E319,2
111,E259,2
111,E221,2
111,E214,2
111,E212,2
111,E208,2
111,E051,2
111,E048,2
111,E038,2
111,E030,2
111,E02,2
111,E011,2
111,D893,2
111,D828,2
111,D816,2
111,D812,2
111,D811,2
111,N926,2
111,N830,2
111,N825,2
111,N808,2
111,N803,2
111,N801,2
111,N62,2
111,N363,2
111,N361,2
111,N143,2
111,M925,2
111,M919,2
111,M896,2
111,M871,2
111,M863,2
111,M862,2
111,M849,2
111,M838,2
111,M758,2
111,M755,2
111,M724,2
111,M706,2
111,M602,2
111,M601,2
111,M533,2
111,M501,2
111,M435,2
111,M411,2
111,M404,2
111,M400,2
111,M357,2
111,M328,2
111,M312,2
111,M218,2
111,M214,2
111,M213,2
111,M201,2
111,M153,2
111,M128,2
111,M121,2
111,M008,2
111,L981,2
111,L950,2
111,L948,2
111,L909,1
111,L906,1
111,L902,1
111,L879,1
111,L870,1
111,L853,1
111,L84,1
111,L83,1
111,L80,1
111,L744,1
111,L731,1
111,L709,1
111,L609,1
111,L600,1
111,L598,1
111,L530,1
111,L508,1
111,L506,1
111,L438,1
111,L419,1
111,L418,1
111,L410,1
111,L301,1
111,L298,1
111,L271,1
111,L259,1
111,L253,1
111,L251,1
111,L245,1
111,L237,1
111,L119,1
111,L101,1
111,L048,1
111,K715,1
111,K710,1
111,K601,1
111,K511,1
111,K313,1
111,K312,1
111,K146,1
111,K136,1
111,K132,1
111,K116,1
111,K100,1
111,K098,1
111,K092,1
111,K078,1
111,K071,1
111,K062,1
111,K055,1
111,K054,1
111,K050,1
111,K048,1
111,K040,1
111,K039,1
111,K030,1
111,K021,1
111,K009,1
111,K006,1
111,K000,1
111,H938,1
111,H920,1
111,H814,1
111,H811,1
111,H809,1
111,H741,1
111,H738,1
111,H731,1
111,H702,1
111,H659,1
111,H619,1
111,H618,1
111,H604,1
111,H600,1
111,H578,1
111,H570,1
111,H547,1
111,H535,1
111,H533,1
111,H527,1
111,H524,1
111,H520,1
111,H512,1
111,H509,1
111,H505,1
111,H500,1
111,H46,1
111,H449,1
111,H441,1
111,H432,1
111,H400,1
111,H359,1
111,H358,1
111,H351,1
111,H341,1
111,H318,1
111,H313,1
111,H312,1
111,H210,1
111,H187,1
111,H185,1
111,H119,1
111,H118,1
111,H108,1
111,H103,1
111,H102,1
111,H024,1
111,G701,1
111,G64,1
111,G620,1
111,G575,1
111,G571,1
111,G563,1
111,G560,1
111,G519,1
111,G509,1
111,G508,1
111,G501,1
111,G448,1
111,G412,1
111,G254,1
111,F989,1
111,F983,1
111,F959,1
111,F930,1
111,F913,1
111,F848,1
111,F844,1
111,F841,1
111,F812,1
111,F811,1
111,F803,1
111,F658,1
111,F638,1
111,F631,1
111,F628,1
111,F608,1
111,F606,1
111,F603,1
111,F601,1
111,F600,1
111,F519,1
111,F454,1
111,F452,1
111,F450,1
111,F441,1
111,F438,1
111,F418,1
111,F401,1
111,F388,1
111,F338,1
111,F318,1
111,F312,1
111,F310,1
111,F21,1
111,F160,1
111,F157,1
111,F153,1
111,F145,1
111,F134,1
111,F115,1
111,F114,1
111,F050,1
111,F012,1
111,E838,1
111,E807,1
111,E753,1
111,E741,1
111,E671,1
111,E309,1
111,E299,1
111,E275,1
111,E270,1
111,E248,1
111,E200,1
111,E163,1
111,E062,1
111,E061,1
111,E058,1
111,E012,1
111,D838,1
111,D832,1
111,D750,1
111,D748,1
111,D740,1
111,N981,1
111,N979,1
111,N959,1
111,N946,1
111,N941,1
111,N930,1
111,N907,1
111,N903,1
111,N902,1
111,N897,1
111,N893,1
111,N854,1
111,N851,1
111,N836,1
111,N828,1
111,N810,1
111,N805,1
111,N600,1
111,N491,1
111,N480,1
111,N46,1
111,N432,1
111,N420,1
111,N392,1
111,N391,1
111,N362,1
111,N219,1
111,N150,1
111,M995,1
111,M955,1
111,M943,1
111,M928,1
111,M927,1
111,M921,1
111,M920,1
111,M918,1
111,M894,1
111,M880,1
111,M873,1
111,M872,1
111,M870,1
111,M865,1
111,M864,1
111,M860,1
111,M851,1
111,M850,1
111,M833,1
111,M814,1
111,M802,1
111,M774,1
111,M766,1
111,M750,1
111,M722,1
111,M720,1
111,M715,1
111,M712,1
111,M710,1
111,M707,1
111,M705,1
111,M678,1
111,M484,1
111,M468,1
111,M438,1
111,M434,1
111,M429,1
111,M420,1
111,M320,1
111,M302,1
111,M254,1
111,M253,1
111,M248,1
111,M200,1
111,M190,1
111,M189,1
111,M170,1
111,M167,1
111,M154,1
111,M123,1
111,M119,1
111,M118,1
111,L980,1
114,V892,117898
114,V877,41832
114,V092,27550
114,V031,23834
114,V435,19336
114,V475,17035
114,V499,13984
114,V485,11460
114,V299,10968
114,V234,10081
114,V436,8922
114,V294,7305
114,V274,6979
114,V284,5714
114,V476,5694
114,V486,5246
114,V585,4926
114,V445,4885
114,V494,4595
114,V575,4480
114,V865,3762
114,V535,3282
114,V495,3018
114,V860,2782
114,V869,2641
114,V030,2558
114,V041,2330
114,V090,2092
114,V586,2079
114,V489,1903
114,V439,1887
114,V139,1884
114,V545,1821
114,V134,1805
114,V446,1741
114,V479,1684
114,V890,1648
114,V194,1389
114,V599,1289
114,V196,1218
114,V536,1173
114,V870,1119
114,V576,1098
114,V872,965
114,V244,930
114,V685,926
114,V239,912
114,V874,883
114,V594,841
114,V235,774
114,V279,760
114,V496,750
114,V289,748
114,V204,730
114,V589,652
114,V871,639
114,V863,634
114,V849,603
114,V040,583
114,V546,566
114,V295,565
114,V595,564
114,V296,544
114,V645,533
114,V285,528
114,V866,526
114,V675,477
114,V455,455
114,V224,451
114,V861,424
114,V699,403
114,V275,388
114,V449,378
114,V021,378
114,V484,256
114,V579,254
114,V840,253
114,V845,241
114,V555,230
114,V039,226
114,V887,214
114,V149,210
114,V280,209
114,V144,207
114,V539,205
114,V470,202
114,V480,191
114,V456,187
114,V293,177
114,V635,174
114,V878,172
114,V270,168
114,V694,166
114,V405,164
114,V689,158
114,V583,149
114,V290,133
114,V786,131
114,V686,127
114,V493,125
114,V596,123
114,V490,111
114,V498,110
114,V483,110
114,V876,107
114,V249,107
114,V549,102
114,V459,102
114,V245,100
114,V209,96
114,V584,93
114,V580,93
114,V425,93
114,V049,92
114,V850,86
114,V695,85
114,V587,83
114,V581,82
114,V843,77
114,V655,75
114,V873,74
114,V481,72
114,V556,71
114,V205,70
114,V646,68
114,V804,68
114,V229,65
114,V859,61
114,V471,61
114,V406,60
114,V676,59
114,V298,59
114,V649,58
114,V598,58
114,V282,58
114,V487,56
114,V784,55
114,V292,54
114,V855,53
114,V570,53
114,V429,50
114,V135,49
114,V847,48
114,V799,46
114,V465,46
114,V867,45
114,V426,45
114,V491,44
114,V192,44
114,V430,43
114,V505,42
114,V434,42
114,V230,41
114,V225,41
114,V839,40
114,V805,39
114,V679,39
114,V593,39
114,V020,38
114,V639,37
114,V474,37
114,V582,36
114,V492,36
114,V888,34
114,V746,34
114,V683,34
114,V264,34
114,V195,34
114,V875,33
114,V798,33
114,V482,33
114,V795,32
114,V129,32
114,V835,31
114,V559,31
114,V131,31
114,V124,31
114,V272,30
114,V636,29
114,V590,29
114,V696,28
114,V680,27
114,V190,26
114,V132,25
114,V130,25
114,V830,24
114,V736,24
114,V684,24
114,V409,24
114,V254,24
114,V862,23
114,V431,23
114,V565,22
114,V857,21
114,V789,21
114,V473,21
114,V214,21
114,V450,20
114,V864,19
114,V591,19
114,V574,19
114,V534,19
114,V776,18
114,V698,17
114,V693,17
114,V525,17
114,V220,17
114,V550,16
114,V466,15
114,V451,15
114,V419,15
114,V385,15
114,V846,14
114,V775,14
114,V291,14
114,V029,14
114,V659,13
114,V506,13
114,V745,12
114,V682,12
114,V656,12
114,V571,12
114,V566,12
114,V529,12
114,V526,12
114,V884,11
114,V756,11
114,V735,11
114,V687,11
114,V605,11
114,V440,11
114,V375,11
114,V335,11
114,V269,11
114,V811,10
114,V231,10
114,V853,9
114,V841,9
114,V785,9
114,V444,9
114,V191,9
114,V141,9
114,V842,8
114,V540,8
114,V882,7
114,V739,7
114,V681,7
114,V573,7
114,V530,7
114,V519,7
114,V469,7
114,V145,7
114,V851,6
114,V794,6
114,V783,6
114,V692,6
114,V453,6
114,V433,6
114,V399,6
114,V394,6
114,V271,6
114,V200,6
114,V881,5
114,V837,5
114,V833,5
114,V782,5
114,V690,5
114,V553,5
114,V551,5
114,V544,5
114,V437,5
114,V389,5
114,V281,5
114,V259,5
114,V243,5
114,V232,5
114,V222,5
114,V201,5
114,V142,5
114,V886,4
114,V852,4
114,V844,4
114,V832,4
114,V793,4
114,V781,4
114,V674,4
114,V665,4
114,V650,4
114,V569,4
114,V472,4
114,V441,4
114,V415,4
114,V401,4
114,V345,4
114,V255,4
114,V219,4
114,V834,3
114,V831,3
114,V810,3
114,V796,3
114,V671,3
114,V670,3
114,V647,3
114,V634,3
114,V629,3
114,V592,3
114,V577,3
114,V547,3
114,V509,3
114,V477,3
114,V443,3
114,V395,3
114,V383,3
114,V339,3
114,V251,3
114,V240,3
114,V215,3
114,V202,3
114,V856,2
114,V836,2
114,V792,2
114,V780,2
114,V779,2
114,V770,2
114,V749,2
114,V691,2
114,V677,2
114,V673,2
114,V666,2
114,V651,2
114,V644,2
114,V643,2
114,V625,2
114,V619,2
114,V609,2
114,V606,2
114,V601,2
114,V572,2
114,V554,2
114,V541,2
114,V531,2
114,V447,2
114,V424,2
114,V386,2
114,V380,2
114,V379,2
114,V334,2
114,V324,2
114,V283,2
114,V273,2
114,V265,2
114,V252,2
114,V250,2
114,V242,2
114,V221,2
114,V143,2
114,V140,2
114,V883,1
114,V880,1
114,V790,1
114,V773,1
114,V769,1
114,V755,1
114,V729,1
114,V726,1
114,V706,1
114,V669,1
114,V660,1
114,V654,1
114,V653,1
114,V642,1
114,V641,1
114,V640,1
114,V607,1
114,V604,1
114,V603,1
114,V602,1
114,V543,1
114,V537,1
114,V516,1
114,V515,1
114,V504,1
114,V501,1
114,V500,1
114,V467,1
114,V463,1
114,V460,1
114,V454,1
114,V432,1
114,V427,1
114,V420,1
114,V416,1
114,V414,1
114,V407,1
114,V404,1
114,V400,1
114,V398,1
114,V396,1
114,V393,1
114,V392,1
114,V384,1
114,V370,1
114,V365,1
114,V359,1
114,V355,1
114,V346,1
114,V325,1
114,V320,1
114,V309,1
114,V305,1
114,V301,1
114,V263,1
114,V233,1
114,V223,1
114,V133,1
115,V059,2818
115,V899,1194
115,V091,1188
115,V199,1155
115,V800,911
115,V051,849
115,V050,715
115,V189,606
115,V093,372
115,V099,300
115,V184,298
115,V182,166
115,V809,122
115,V174,113
115,V193,86
115,V179,78
115,V180,72
115,V816,63
115,V159,62
115,V819,61
115,V060,60
115,V011,46
115,V154,40
115,V801,36
115,V879,29
115,V891,28
115,V812,28
115,V061,27
115,V198,23
115,V119,20
115,V114,20
115,V069,20
115,V010,20
115,V814,18
115,V170,18
115,V815,16
115,V813,16
115,V818,15
115,V817,15
115,V172,14
115,V808,13
115,V104,13
115,V889,10
115,V152,9
115,V151,9
115,V893,8
115,V829,8
115,V807,7
115,V185,7
115,V169,7
115,V112,7
115,V824,6
115,V150,6
115,V110,5
115,V109,5
115,V183,4
115,V175,3
115,V155,3
115,V102,3
115,V164,2
115,V019,2
115,V826,1
115,V825,1
115,V181,1
115,V162,1
115,V100,1
116,Y850,8235
116,V959,4022
116,V909,1251
116,V929,1230
116,V950,511
116,V919,485
116,V905,378
116,V949,369
116,V952,302
116,V972,240
116,V925,225
116,V951,197
116,V958,143
116,V939,124
116,V913,121
116,Y859,116
116,V926,113
116,V902,92
116,V906,80
116,V923,65
116,V903,65
116,V953,64
116,V99,60
116,V943,60
116,V973,59
116,V962,57
116,V928,53
116,V922,52
116,V961,48
116,V908,40
116,V901,26
116,V968,25
116,V904,23
116,V945,22
116,V924,21
116,V946,19
116,V960,15
116,V948,15
116,V947,14
116,V931,14
116,V915,14
116,V970,13
116,V916,13
116,V978,12
116,V930,11
116,V933,10
116,V920,10
116,V914,9
116,V938,7
116,V934,7
116,V918,7
116,V932,6
116,V912,6
116,V969,5
116,V944,5
116,V917,5
116,V941,4
116,V900,4
116,V98,3
116,V942,3
116,V921,3
116,V971,2
116,V935,2
116,V940,1
116,V927,1
116,V911,1
116,V910,1
118,W19,134886
118,W18,87549
118,W10,22472
118,W06,8304
118,W01,8105
118,W13,5781
118,W17,5257
118,W05,4943
118,W11,4575
118,W07,2761
118,W00,1134
118,W14,897
118,W08,891
118,W15,817
118,W02,719
118,W12,508
118,W16,401
118,W04,324
118,W03,88
118,W09,24
119,W34,4637
119,W32,961
119,W33,928
120,W69,16863
120,W67,6682
120,W74,6208
120,W65,4369
120,W70,2741
120,W73,1955
120,W68,912
120,W66,313
121,X00,25305
121,X09,2895
121,X06,977
121,X04,583
121,X08,539
121,X01,515
121,X03,359
121,X02,281
121,X05,39
122,X44,167851
122,X42,154594
122,X41,24034
122,X45,19593
122,X47,7802
122,X40,2628
122,X49,1801
122,X46,727
122,X43,215
122,X48,56
123,W80,35332
123,X590,29602
123,X599,23227
123,X59,12920
123,W79,11769
123,Y86,11666
123,W75,8471
123,X31,7700
123,W20,7525
123,X30,5606
123,W84,4888
123,W78,3422
123,W31,3173
123,W30,2824
123,W76,2765
123,X37,2150
123,W87,1838
123,W83,1630
123,W22,1449
123,W40,1341
123,W23,1233
123,W24,1052
123,W85,822
123,W55,807
123,W28,780
123,W86,757
123,X23,678
123,X39,598
123,W49,529
123,X58,511
123,X36,381
123,W54,370
123,X33,364
123,W77,344
123,X11,318
123,W44,300
123,X38,268
123,W25,226
123,X53,188
123,W21,134
123,X16,128
123,X12,128
123,X50,118
123,W37,117
123,W29,108
123,W81,104
123,X25,102
123,W94,101
123,W64,100
123,W36,93
123,W57,88
123,W51,85
123,X19,76
123,W50,76
123,X20,74
123,W39,73
123,X21,71
123,X10,61
123,W45,51
123,W27,51
123,W92,50
123,X15,49
123,W38,44
123,W26,36
123,W35,29
123,X29,22
123,X13,21
123,X57,19
123,X14,19
123,X17,17
123,W56,17
123,X54,12
123,X18,10
123,W93,10
123,W60,5
123,W58,5
123,X51,4
123,X34,4
123,X32,4
123,X24,3
123,X22,3
123,W41,3
123,W59,2
123,W42,2
123,X52,1
123,X349,1
123,X26,1
123,W89,1
123,W53,1
123,W52,1
123,W46,1
125,X74,129984
125,X72,50777
125,X73,32219
126,X70,103689
126,X64,35400
126,X67,12604
126,X61,10662
126,X80,9159
126,X78,7531
126,X62,7431
126,X81,4609
126,X71,4453
126,X60,2027
126,X76,1835
126,X84,1625
126,X82,1591
126,X83,1451
126,X66,1298
126,X69,976
126,Y870,793
126,X65,437
126,X63,375
126,X68,142
126,X75,56
126,X79,7
126,X77,3
128,X95,113971
128,X93,10281
128,X94,6570
128,U014,6
129,X99,20559
129,Y09,19325
129,X91,6207
129,Y871,2730
129,Y08,2714
129,Y079,1625
129,X97,1157
129,Y00,865
129,X85,817
129,Y04,717
129,Y03,537
129,X92,501
129,Y069,294
129,X88,181
129,Y01,140
129,Y071,53
129,X89,46
129,Y078,43
129,X96,41
129,Y02,38
129,X98,35
129,Y068,23
129,Y05,23
129,Y061,21
129,X90,18
129,X86,4
129,Y073,3
129,U012,3
129,Y070,2
129,Y060,2
130,Y350,4419
130,Y355,437
130,Y356,170
130,Y890,38
130,Y357,19
130,Y351,3
130,Y353,2
130,Y352,1
132,Y24,2183
132,Y22,358
132,Y23,284
133,Y14,16024
133,Y12,13881
133,Y34,6137
133,Y11,3022
133,Y21,2871
133,Y20,1605
133,Y33,1572
133,Y26,1432
133,Y17,969
133,Y15,763
133,Y30,745
133,Y10,580
133,Y872,528
133,Y19,289
133,Y28,217
133,Y32,203
133,Y16,195
133,Y31,189
133,Y13,56
133,Y899,19
133,Y29,19
133,Y25,16
133,Y18,14
133,Y27,7
134,Y891,135
134,Y362,46
134,Y369,12
134,Y364,4
134,Y368,2
134,Y367,1
135,Y839,5987
135,Y848,3479
135,Y831,3210
135,Y579,1851
135,Y832,1599
135,Y883,1223
135,Y833,1174
135,Y835,1056
135,Y834,1025
135,Y838,1025
135,Y836,1018
135,Y846,693
135,Y442,630
135,Y830,564
135,Y841,404
135,Y600,318
135,Y608,281
135,Y658,222
135,Y842,215
135,Y604,198
135,Y433,190
135,Y434,184
135,Y450,152
135,Y427,150
135,Y575,125
135,Y849,112
135,Y409,102
135,Y609,89
135,Y606,76
135,Y484,75
135,Y840,73
135,Y844,63
135,Y443,54
135,Y453,51
135,Y880,48
135,Y423,43
135,Y524,39
135,Y522,39
135,Y605,37
135,Y602,36
135,Y483,33
135,Y408,30
135,Y401,30
135,Y69,29
135,Y400,29
135,Y462,25
135,Y578,24
135,Y445,24
135,Y495,21
135,Y881,19
135,Y497,17
135,Y458,16
135,Y548,15
135,Y479,14
135,Y420,14
135,Y482,13
135,Y452,13
135,Y451,13
135,Y576,12
135,Y455,12
135,Y430,12
135,Y843,11
135,Y601,11
135,Y471,11
135,Y560,10
135,Y828,9
135,Y545,8
135,Y492,8
135,Y466,8
135,Y410,8
135,Y607,7
135,Y440,7
135,Y551,6
135,Y525,6
135,Y464,6
135,Y431,6
135,Y428,6
135,Y418,6
135,Y639,5
135,Y590,5
135,Y563,5
135,Y526,5
135,Y519,5
135,Y494,5
135,Y493,5
135,Y459,5
135,Y654,4
135,Y651,4
135,Y650,4
135,Y640,4
135,Y616,4
135,Y543,4
135,Y521,4
135,Y515,4
135,Y470,4
135,Y454,4
135,Y446,4
135,Y436,4
135,Y422,4
135,Y823,3
135,Y800,3
135,Y649,3
135,Y628,3
135,Y624,3
135,Y619,3
135,Y618,3
135,Y614,3
135,Y603,3
135,Y599,3
135,Y564,3
135,Y513,3
135,Y490,3
135,Y485,3
135,Y468,3
135,Y465,3
135,Y449,3
135,Y403,3
135,Y731,2
135,Y712,2
135,Y648,2
135,Y638,2
135,Y632,2
135,Y626,2
135,Y622,2
135,Y615,2
135,Y610,2
135,Y546,2
135,Y535,2
135,Y527,2
135,Y523,2
135,Y518,2
135,Y517,2
135,Y499,2
135,Y480,2
135,Y478,2
135,Y439,2
135,Y435,2
135,Y429,2
135,Y425,2
135,Y424,2
135,Y419,2
135,Y414,2
135,Y411,2
135,Y405,2
135,Y882,1
135,Y847,1
135,Y845,1
135,Y820,1
135,Y818,1
135,Y812,1
135,Y808,1
135,Y802,1
135,Y801,1
135,Y743,1
135,Y741,1
135,Y66,1
135,Y641,1
135,Y821,1
135,Y633,1
135,Y631,1
135,Y625,1
135,Y617,1
135,Y612,1
135,Y598,1
135,Y584,1
135,Y577,1
135,Y574,1
135,Y570,1
135,Y568,1
135,Y567,1
135,Y556,1
135,Y555,1
135,Y554,1
135,Y553,1
135,Y552,1
135,Y550,1
135,Y549,1
135,Y544,1
135,Y540,1
135,Y533,1
135,Y531,1
135,Y529,1
135,Y520,1
135,Y498,1
135,Y461,1
135,Y447,1
135,Y441,1
135,Y426,1
135,Y415,1
135,Y412,1
135,Y407,1
135,Y404,1
135,Y402,1
